[
{
    "model": "member.member",
    "pk": 1,
    "fields": {
        "password": "********",
        "last_login": "2017-08-06T08:20:06Z",
        "email": "no1@pycon.kr",
        "username": "No1",
        "permission": "ET"
    }
},
{
    "model": "member.member",
    "pk": 2,
    "fields": {
        "password": "********",
        "last_login": "2017-08-06T08:20:06Z",
        "email": "no2@pycon.kr",
        "username": "No2",
        "permission": "ET"
    }
},
{
    "model": "member.member",
    "pk": 3,
    "fields": {
        "password": "********",
        "last_login": "2017-08-06T08:20:06Z",
        "email": "no3@pycon.kr",
        "username": "No3",
        "permission": "ET"
    }
},
{
    "model": "member.member",
    "pk": 4,
    "fields": {
        "password": "********",
        "last_login": "2017-08-06T08:20:06Z",
        "email": "no4@pycon.kr",
        "username": "No4",
        "permission": "ET"
    }
},
{
    "model": "member.member",
    "pk": 5,
    "fields": {
        "password": "********",
        "last_login": "2017-08-06T08:20:06Z",
        "email": "no5@pycon.kr",
        "username": "No5",
        "permission": "ET"
    }
},
{
    "model": "member.member",
    "pk": 6,
    "fields": {
        "password": "********",
        "last_login": "2017-08-06T08:20:06Z",
        "email": "no6@pycon.kr",
        "username": "No6",
        "permission": "ET"
    }
},
{
    "model": "member.member",
    "pk": 7,
    "fields": {
        "password": "********",
        "last_login": "2017-08-06T08:20:06Z",
        "email": "no7@pycon.kr",
        "username": "No7",
        "permission": "ET"
    }
},
{
    "model": "member.member",
    "pk": 8,
    "fields": {
        "password": "********",
        "last_login": "2017-08-06T08:20:06Z",
        "email": "no8@pycon.kr",
        "username": "No8",
        "permission": "ET"
    }
},
{
    "model": "member.member",
    "pk": 9,
    "fields": {
        "password": "********",
        "last_login": "2017-08-06T08:20:06Z",
        "email": "no9@pycon.kr",
        "username": "No9",
        "permission": "ET"
    }
},
{
    "model": "member.member",
    "pk": 10,
    "fields": {
        "password": "********",
        "last_login": "2017-08-06T08:20:06Z",
        "email": "no0@pycon.kr",
        "username": "No10",
        "permission": "ET"
    }
},
{
    "model": "member.member",
    "pk": 11,
    "fields": {
        "password": "********",
        "last_login": "2017-08-06T08:20:06Z",
        "email": "no11@pycon.kr",
        "username": "No11",
        "permission": "ET"
    }
},
{
    "model": "member.member",
    "pk": 12,
    "fields": {
        "password": "********",
        "last_login": "2017-08-06T08:20:06Z",
        "email": "no12@pycon.kr",
        "username": "No12",
        "permission": "ET"
    }
},
{
    "model": "member.member",
    "pk": 13,
    "fields": {
        "password": "********",
        "last_login": "2017-08-06T08:20:06Z",
        "email": "no13@pycon.kr",
        "username": "No13",
        "permission": "ET"
    }
},
{
    "model": "member.member",
    "pk": 14,
    "fields": {
        "password": "********",
        "last_login": "2017-08-06T08:20:06Z",
        "email": "no14@pycon.kr",
        "username": "No14",
        "permission": "ET"
    }
},
{
    "model": "member.member",
    "pk": 15,
    "fields": {
        "password": "********",
        "last_login": "2017-08-06T08:20:06Z",
        "email": "no15@pycon.kr",
        "username": "No15",
        "permission": "ET"
    }
},
{
    "model": "member.member",
    "pk": 16,
    "fields": {
        "password": "********",
        "last_login": "2017-08-06T08:20:06Z",
        "email": "no16@pycon.kr",
        "username": "No16",
        "permission": "ET"
    }
},
{
    "model": "member.member",
    "pk": 17,
    "fields": {
        "password": "********",
        "last_login": "2017-08-06T08:20:06Z",
        "email": "no17@pycon.kr",
        "username": "No17",
        "permission": "ET"
    }
},
{
    "model": "member.member",
    "pk": 18,
    "fields": {
        "password": "********",
        "last_login": "2017-08-06T08:20:06Z",
        "email": "no18@pycon.kr",
        "username": "No18",
        "permission": "ET"
    }
},
{
    "model": "member.member",
    "pk": 19,
    "fields": {
        "password": "********",
        "last_login": "2017-08-06T08:20:06Z",
        "email": "no19@pycon.kr",
        "username": "No19",
        "permission": "ET"
    }
},
{
    "model": "member.member",
    "pk": 20,
    "fields": {
        "password": "********",
        "last_login": "2017-08-06T08:20:06Z",
        "email": "no20@pycon.kr",
        "username": "No20",
        "permission": "ET"
    }
},
{
    "model": "member.member",
    "pk": 21,
    "fields": {
        "password": "********",
        "last_login": "2017-08-06T08:20:06Z",
        "email": "no21@pycon.kr",
        "username": "No21",
        "permission": "ET"
    }
},
{
    "model": "member.member",
    "pk": 22,
    "fields": {
        "password": "********",
        "last_login": "2017-08-06T08:20:06Z",
        "email": "no22@pycon.kr",
        "username": "No22",
        "permission": "ET"
    }
},
{
    "model": "member.member",
    "pk": 23,
    "fields": {
        "password": "********",
        "last_login": "2017-08-06T08:20:06Z",
        "email": "no23@pycon.kr",
        "username": "No23",
        "permission": "ET"
    }
},
{
    "model": "member.member",
    "pk": 24,
    "fields": {
        "password": "********",
        "last_login": "2017-08-06T08:20:06Z",
        "email": "no24@pycon.kr",
        "username": "No24",
        "permission": "ET"
    }
},
{
    "model": "member.member",
    "pk": 25,
    "fields": {
        "password": "********",
        "last_login": "2017-08-06T08:20:06Z",
        "email": "no25@pycon.kr",
        "username": "No25",
        "permission": "ET"
    }
},
{
    "model": "member.member",
    "pk": 26,
    "fields": {
        "password": "********",
        "last_login": "2017-08-06T08:20:06Z",
        "email": "no26@pycon.kr",
        "username": "No26",
        "permission": "ET"
    }
},
{
    "model": "member.member",
    "pk": 27,
    "fields": {
        "password": "********",
        "last_login": "2017-08-06T08:20:06Z",
        "email": "no27@pycon.kr",
        "username": "No27",
        "permission": "ET"
    }
},
{
    "model": "member.member",
    "pk": 28,
    "fields": {
        "password": "********",
        "last_login": "2017-08-06T08:20:06Z",
        "email": "no28@pycon.kr",
        "username": "No28",
        "permission": "ET"
    }
},
{
    "model": "member.member",
    "pk": 29,
    "fields": {
        "password": "********",
        "last_login": "2017-08-06T08:20:06Z",
        "email": "no29@pycon.kr",
        "username": "No29",
        "permission": "ET"
    }
},
{
    "model": "member.member",
    "pk": 30,
    "fields": {
        "password": "********",
        "last_login": "2017-08-06T08:20:06Z",
        "email": "no30@pycon.kr",
        "username": "No30",
        "permission": "ET"
    }
}
]
